1,"This is a comment on shipment 1","User 1","2023-09-14 10:00:00","Comment 1"
2,"Another comment for shipment 2","User 2","2023-09-14 10:15:00","Comment 2"
3,"Comment on shipment 3","User 3","2023-09-14 10:30:00","Comment 3"
4,"Feedback for shipment 4","User 4","2023-09-14 10:45:00","Comment 4"
5,"User 5's opinion on shipment 5","User 5","2023-09-14 11:00:00","Comment 5"
6,"Thoughts on shipment 6","User 6","2023-09-14 11:15:00","Comment 6"
7,"Comment about shipment 7","User 7","2023-09-14 11:30:00","Comment 7"
8,"Message regarding shipment 8","User 8","2023-09-14 11:45:00","Comment 8"
9,"A note about shipment 9","User 9","2023-09-14 12:00:00","Comment 9"
10,"Feedback on shipment 10","User 10","2023-09-14 12:15:00","Comment 10"
11,"Comment for shipment 11","User 11","2023-09-14 12:30:00","Comment 11"
12,"Opinion on shipment 12","User 12","2023-09-14 12:45:00","Comment 12"
13,"Thoughts about shipment 13","User 13","2023-09-14 13:00:00","Comment 13"
14,"Message for shipment 14","User 14","2023-09-14 13:15:00","Comment 14"
15,"Feedback on shipment 15","User 15","2023-09-14 13:30:00","Comment 15"
16,"Comment regarding shipment 16","User 16","2023-09-14 13:45:00","Comment 16"
17,"User 17's opinion on shipment 17","User 17","2023-09-14 14:00:00","Comment 17"
18,"Thoughts on shipment 18","User 18","2023-09-14 14:15:00","Comment 18"
19,"Feedback for shipment 19","User 19","2023-09-14 14:30:00","Comment 19"
20,"User 20's comment on shipment 20","User 20","2023-09-14 14:45:00","Comment 20"
21,"Message about shipment 21","User 21","2023-09-14 15:00:00","Comment 21"
22,"Comment for shipment 22","User 22","2023-09-14 15:15:00","Comment 22"
23,"Feedback on shipment 23","User 23","2023-09-14 15:30:00","Comment 23"
24,"Thoughts on shipment 24","User 24","2023-09-14 15:45:00","Comment 24"
25,"User 25's opinion on shipment 25","User 25","2023-09-14 16:00:00","Comment 25"
26,"Comment regarding shipment 26","User 26","2023-09-14 16:15:00","Comment 26"
27,"A note about shipment 27","User 27","2023-09-14 16:30:00","Comment 27"
28,"Message for shipment 28","User 28","2023-09-14 16:45:00","Comment 28"
29,"Comment about shipment 29","User 29","2023-09-14 17:00:00","Comment 29"
30,"Opinion on shipment 30","User 30","2023-09-14 17:15:00","Comment 30"
31,"Feedback on shipment 31","User 31","2023-09-14 17:30:00","Comment 31"
32,"Thoughts about shipment 32","User 32","2023-09-14 17:45:00","Comment 32"
33,"Comment regarding shipment 33","User 33","2023-09-14 18:00:00","Comment 33"
34,"User 34's opinion on shipment 34","User 34","2023-09-14 18:15:00","Comment 34"
35,"Feedback for shipment 35","User 35","2023-09-14 18:30:00","Comment 35"
36,"Comment about shipment 36","User 36","2023-09-14 18:45:00","Comment 36"
37,"Message regarding shipment 37","User 37","2023-09-14 19:00:00","Comment 37"
38,"Thoughts on shipment 38","User 38","2023-09-14 19:15:00","Comment 38"
39,"User 39's comment on shipment 39","User 39","2023-09-14 19:30:00","Comment 39"
40,"Feedback on shipment 40","User 40","2023-09-14 19:45:00","Comment 40"
41,"Comment for shipment 41","User 41","2023-09-14 20:00:00","Comment 41"
42,"Opinion on shipment 42","User 42","2023-09-14 20:15:00","Comment 42"
43,"Thoughts about shipment 43","User 43","2023-09-14 20:30:00","Comment 43"
44,"Feedback on shipment 44","User 44","2023-09-14 20:45:00","Comment 44"
45,"User 45's opinion on shipment 45","User 45","2023-09-14 21:00:00","Comment 45"
46,"Comment regarding shipment 46","User 46","2023-09-14 21:15:00","Comment 46"
47,"A note about shipment 47","User 47","2023-09-14 21:30:00","Comment 47"
48,"Message for shipment 48","User 48","2023-09-14 21:45:00","Comment 48"
49,"Comment about shipment 49","User 49","2023-09-14 22:00:00","Comment 49"
50,"Opinion on shipment 50","User 50","2023-09-14 22:15:00","Comment 50"
51,"Feedback on shipment 51","User 51","2023-09-14 22:30:00","Comment 51"
52,"Thoughts about shipment 52","User 52","2023-09-14 22:45:00","Comment 52"
53,"Comment for shipment 53","User 53","2023-09-14 23:00:00","Comment 53"
54,"User 54's comment on shipment 54","User 54","2023-09-14 23:15:00","Comment 54"
55,"Feedback on shipment 55","User 55","2023-09-14 23:30:00","Comment 55"
56,"Comment regarding shipment 56","User 56","2023-09-14 23:45:00","Comment 56"
57,"Message about shipment 57","User 57","2023-09-15 00:00:00","Comment 57"
58,"Opinion on shipment 58","User 58","2023-09-15 00:15:00","Comment 58"
59,"Thoughts on shipment 59","User 59","2023-09-15 00:30:00","Comment 59"
60,"User 60's opinion on shipment 60","User 60","2023-09-15 00:45:00","Comment 60"
61,"Comment for shipment 61","User 61","2023-09-15 01:00:00","Comment 61"
62,"Feedback on shipment 62","User 62","2023-09-15 01:15:00","Comment 62"
63,"Comment about shipment 63","User 63","2023-09-15 01:30:00","Comment 63"
64,"A note regarding shipment 64","User 64","2023-09-15 01:45:00","Comment 64"
65,"Message for shipment 65","User 65","2023-09-15 02:00:00","Comment 65"
66,"Thoughts about shipment 66","User 66","2023-09-15 02:15:00","Comment 66"
67,"Feedback on shipment 67","User 67","2023-09-15 02:30:00","Comment 67"
68,"User 68's comment on shipment 68","User 68","2023-09-15 02:45:00","Comment 68"
69,"Opinion on shipment 69","User 69","2023-09-15 03:00:00","Comment 69"
70,"Comment for shipment 70","User 70","2023-09-15 03:15:00","Comment 70"
71,"Thoughts regarding shipment 71","User 71","2023-09-15 03:30:00","Comment 71"
72,"Feedback on shipment 72","User 72","2023-09-15 03:45:00","Comment 72"
73,"Comment about shipment 73","User 73","2023-09-15 04:00:00","Comment 73"
74,"Message for shipment 74","User 74","2023-09-15 04:15:00","Comment 74"
75,"User 75's opinion on shipment 75","User 75","2023-09-15 04:30:00","Comment 75"
76,"Comment regarding shipment 76","User 76","2023-09-15 04:45:00","Comment 76"
77,"A note about shipment 77","User 77","2023-09-15 05:00:00","Comment 77"
78,"Opinion on shipment 78","User 78","2023-09-15 05:15:00","Comment 78"
79,"Thoughts on shipment 79","User 79","2023-09-15 05:30:00","Comment 79"
80,"Feedback on shipment 80","User 80","2023-09-15 05:45:00","Comment 80"
81,"Comment for shipment 81","User 81","2023-09-15 06:00:00","Comment 81"
82,"Message about shipment 82","User 82","2023-09-15 06:15:00","Comment 82"
83,"Comment regarding shipment 83","User 83","2023-09-15 06:30:00","Comment 83"
84,"User 84's comment on shipment 84","User 84","2023-09-15 06:45:00","Comment 84"
85,"Feedback on shipment 85","User 85","2023-09-15 07:00:00","Comment 85"
86,"Thoughts about shipment 86","User 86","2023-09-15 07:15:00","Comment 86"
87,"Comment for shipment 87","User 87","2023-09-15 07:30:00","Comment 87"
88,"Opinion on shipment 88","User 88","2023-09-15 07:45:00","Comment 88"
89,"Feedback on shipment 89","User 89","2023-09-15 08:00:00","Comment 89"
90,"Comment about shipment 90","User 90","2023-09-15 08:15:00","Comment 90"
91,"Message for shipment 91","User 91","2023-09-15 08:30:00","Comment 91"
92,"User 92's opinion on shipment 92","User 92","2023-09-15 08:45:00","Comment 92"
93,"Comment regarding shipment 93","User 93","2023-09-15 09:00:00","Comment 93"
94,"A note about shipment 94","User 94","2023-09-15 09:15:00","Comment 94"
95,"Feedback on shipment 95","User 95","2023-09-15 09:30:00","Comment 95"
96,"Comment about shipment 96","User 96","2023-09-15 09:45:00","Comment 96"
97,"Opinion on shipment 97","User 97","2023-09-15 10:00:00","Comment 97"
98,"Thoughts on shipment 98","User 98","2023-09-15 10:15:00","Comment 98"
99,"User 99's comment on shipment 99","User 99","2023-09-15 10:30:00","Comment 99"
100,"Feedback on shipment 100","User 100","2023-09-15 10:45:00","Comment 100"
